Date,Name,Year,Letterboxd URI
2019-04-06,Us,2019,https://letterboxd.com/film/us-2019/
2019-04-06,The Shape of Water,2017,https://letterboxd.com/film/the-shape-of-water/
2019-04-06,Captain Marvel,2019,https://letterboxd.com/film/captain-marvel/
2019-04-06,Spider-Man: Into the Spider-Verse,2018,https://letterboxd.com/film/spider-man-into-the-spider-verse/
2019-04-06,10 Things I Hate About You,1999,https://letterboxd.com/film/10-things-i-hate-about-you/
2019-04-07,Get Out,2017,https://letterboxd.com/film/get-out-2017/
2019-04-07,La La Land,2016,https://letterboxd.com/film/la-la-land/
2019-04-07,Mad Max: Fury Road,2015,https://letterboxd.com/film/mad-max-fury-road/
2019-04-07,Black Panther,2018,https://letterboxd.com/film/black-panther-2018/
2019-04-07,Avengers: Infinity War,2018,https://letterboxd.com/film/avengers-infinity-war/
2019-04-07,Lady Bird,2017,https://letterboxd.com/film/lady-bird/
2019-04-07,Pulp Fiction,1994,https://letterboxd.com/film/pulp-fiction/
2019-04-07,Baby Driver,2017,https://letterboxd.com/film/baby-driver/
2019-04-07,Arrival,2016,https://letterboxd.com/film/arrival-2016/
2019-04-07,The Dark Knight,2008,https://letterboxd.com/film/the-dark-knight/
2019-04-07,Inception,2010,https://letterboxd.com/film/inception/
2019-04-07,Star Wars: The Force Awakens,2015,https://letterboxd.com/film/star-wars-the-force-awakens/
2019-04-07,Guardians of the Galaxy,2014,https://letterboxd.com/film/guardians-of-the-galaxy/
2019-04-07,Interstellar,2014,https://letterboxd.com/film/interstellar/
2019-04-07,The Grand Budapest Hotel,2014,https://letterboxd.com/film/the-grand-budapest-hotel/
2019-04-07,Her,2013,https://letterboxd.com/film/her/
2019-04-07,Dunkirk,2017,https://letterboxd.com/film/dunkirk-2017/
2019-04-07,Fight Club,1999,https://letterboxd.com/film/fight-club/
2019-04-07,Star Wars: The Last Jedi,2017,https://letterboxd.com/film/star-wars-the-last-jedi/
2019-04-07,Gone Girl,2014,https://letterboxd.com/film/gone-girl/
2019-04-07,Blade Runner 2049,2017,https://letterboxd.com/film/blade-runner-2049/
2019-04-07,Thor: Ragnarok,2017,https://letterboxd.com/film/thor-ragnarok/
2019-04-07,Call Me by Your Name,2017,https://letterboxd.com/film/call-me-by-your-name/
2019-04-07,Moonlight,2016,https://letterboxd.com/film/moonlight-2016/
2019-04-07,The Wolf of Wall Street,2013,https://letterboxd.com/film/the-wolf-of-wall-street/
2019-04-07,The Shining,1980,https://letterboxd.com/film/the-shining/
2019-04-07,Inglourious Basterds,2009,https://letterboxd.com/film/inglourious-basterds/
2019-04-07,Django Unchained,2012,https://letterboxd.com/film/django-unchained/
2019-04-07,Logan,2017,https://letterboxd.com/film/logan-2017/
2019-04-07,A Quiet Place,2018,https://letterboxd.com/film/a-quiet-place-2018/
2019-04-07,Spider-Man: Homecoming,2017,https://letterboxd.com/film/spider-man-homecoming/
2019-04-07,Guardians of the Galaxy Vol. 2,2017,https://letterboxd.com/film/guardians-of-the-galaxy-vol-2/
2019-04-07,Inside Out,2015,https://letterboxd.com/film/inside-out-2015/
2019-04-07,Birdman,2014,https://letterboxd.com/film/birdman/
2019-04-07,The Avengers,2012,https://letterboxd.com/film/the-avengers-2012/
2019-04-07,Ex Machina,2014,https://letterboxd.com/film/ex-machina-2014/
2019-04-07,Star Wars,1977,https://letterboxd.com/film/star-wars/
2019-04-07,Drive,2011,https://letterboxd.com/film/drive-2011/
2019-04-07,Blade Runner,1982,https://letterboxd.com/film/blade-runner/
2019-04-07,Rogue One: A Star Wars Story,2016,https://letterboxd.com/film/rogue-one-a-star-wars-story/
2019-04-07,Captain America: Civil War,2016,https://letterboxd.com/film/captain-america-civil-war/
2019-04-07,2001: A Space Odyssey,1968,https://letterboxd.com/film/2001-a-space-odyssey/
2019-04-07,Annihilation,2018,https://letterboxd.com/film/annihilation/
2019-04-07,The Martian,2015,https://letterboxd.com/film/the-martian/
2019-04-07,The Favourite,2018,https://letterboxd.com/film/the-favourite/
2019-04-07,The Empire Strikes Back,1980,https://letterboxd.com/film/the-empire-strikes-back/
2019-04-07,The Revenant,2015,https://letterboxd.com/film/the-revenant-2015/
2019-04-07,The Social Network,2010,https://letterboxd.com/film/the-social-network/
2019-04-07,Doctor Strange,2016,https://letterboxd.com/film/doctor-strange-2016/
2019-04-07,Captain America: The Winter Soldier,2014,https://letterboxd.com/film/captain-america-the-winter-soldier/
2019-04-07,The Lord of the Rings: The Fellowship of the Ring,2001,https://letterboxd.com/film/the-lord-of-the-rings-the-fellowship-of-the-ring/
2019-04-07,Forrest Gump,1994,https://letterboxd.com/film/forrest-gump/
2019-04-07,The Dark Knight Rises,2012,https://letterboxd.com/film/the-dark-knight-rises/
2019-04-07,A Star Is Born,2018,https://letterboxd.com/film/a-star-is-born-2018/
2019-04-07,Spirited Away,2001,https://letterboxd.com/film/spirited-away/
2019-04-07,No Country for Old Men,2007,https://letterboxd.com/film/no-country-for-old-men/
2019-04-07,Taxi Driver,1976,https://letterboxd.com/film/taxi-driver/
2019-04-07,The Matrix,1999,https://letterboxd.com/film/the-matrix/
2019-04-07,Deadpool 2,2018,https://letterboxd.com/film/deadpool-2/
2019-04-07,Roma,2018,https://letterboxd.com/film/roma-2018/
2019-04-07,Gravity,2013,https://letterboxd.com/film/gravity-2013/
2019-04-07,Scott Pilgrim vs. the World,2010,https://letterboxd.com/film/scott-pilgrim-vs-the-world/
2019-04-07,The Incredibles,2004,https://letterboxd.com/film/the-incredibles/
2019-04-07,Zootopia,2016,https://letterboxd.com/film/zootopia/
2019-04-07,Iron Man,2008,https://letterboxd.com/film/iron-man-2008/
2019-04-07,Ant-Man,2015,https://letterboxd.com/film/ant-man/
2019-04-07,The Big Lebowski,1998,https://letterboxd.com/film/the-big-lebowski/
2019-04-07,Split,2016,https://letterboxd.com/film/split-2016/
2019-04-07,WALL·E,2008,https://letterboxd.com/film/walle/
2019-04-07,Kingsman: The Secret Service,2014,https://letterboxd.com/film/kingsman-the-secret-service/
2019-04-07,The Lord of the Rings: The Return of the King,2003,https://letterboxd.com/film/the-lord-of-the-rings-the-return-of-the-king/
2019-04-07,Fargo,1996,https://letterboxd.com/film/fargo/
2019-04-07,Up,2009,https://letterboxd.com/film/up/
2019-04-07,GoodFellas,1990,https://letterboxd.com/film/goodfellas/
2019-04-07,Return of the Jedi,1983,https://letterboxd.com/film/return-of-the-jedi/
2019-04-07,Boyhood,2014,https://letterboxd.com/film/boyhood/
2019-04-07,Phantom Thread,2017,https://letterboxd.com/film/phantom-thread/
2019-04-07,Toy Story,1995,https://letterboxd.com/film/toy-story/
2019-04-07,Batman Begins,2005,https://letterboxd.com/film/batman-begins/
2019-04-07,The Lord of the Rings: The Two Towers,2002,https://letterboxd.com/film/the-lord-of-the-rings-the-two-towers/
2019-04-07,The Nice Guys,2016,https://letterboxd.com/film/the-nice-guys/
2019-04-07,Finding Nemo,2003,https://letterboxd.com/film/finding-nemo/
2019-04-07,Shutter Island,2010,https://letterboxd.com/film/shutter-island/
2019-04-07,Lost in Translation,2003,https://letterboxd.com/film/lost-in-translation/
2019-04-07,Sicario,2015,https://letterboxd.com/film/sicario-2015/
2019-04-07,The Lion King,1994,https://letterboxd.com/film/the-lion-king/
2019-04-07,Fantastic Beasts and Where to Find Them,2016,https://letterboxd.com/film/fantastic-beasts-and-where-to-find-them/
2019-04-07,Raiders of the Lost Ark,1981,https://letterboxd.com/film/raiders-of-the-lost-ark/
2019-04-07,John Wick,2014,https://letterboxd.com/film/john-wick/
2019-04-07,Iron Man 3,2013,https://letterboxd.com/film/iron-man-3/
2019-04-07,Captain America: The First Avenger,2011,https://letterboxd.com/film/captain-america-the-first-avenger/
2019-04-07,Titanic,1997,https://letterboxd.com/film/titanic-1997/
2019-04-07,Solo: A Star Wars Story,2018,https://letterboxd.com/film/solo-a-star-wars-story/
2019-04-07,The Departed,2006,https://letterboxd.com/film/the-departed/
2019-04-07,The Prestige,2006,https://letterboxd.com/film/the-prestige/
2019-04-07,American Psycho,2000,https://letterboxd.com/film/american-psycho/
2019-04-07,10 Cloverfield Lane,2016,https://letterboxd.com/film/10-cloverfield-lane/
2019-04-07,Eighth Grade,2018,https://letterboxd.com/film/eighth-grade/
2019-04-07,The Disaster Artist,2017,https://letterboxd.com/film/the-disaster-artist/
2019-04-07,Harry Potter and the Prisoner of Azkaban,2004,https://letterboxd.com/film/harry-potter-and-the-prisoner-of-azkaban/
2019-04-07,Mission: Impossible - Fallout,2018,https://letterboxd.com/film/mission-impossible-fallout/
2019-04-07,Children of Men,2006,https://letterboxd.com/film/children-of-men/
2019-04-07,Toy Story 3,2010,https://letterboxd.com/film/toy-story-3/
2019-04-07,Ratatouille,2007,https://letterboxd.com/film/ratatouille/
2019-04-07,Harry Potter and the Philosopher's Stone,2001,https://letterboxd.com/film/harry-potter-and-the-philosophers-stone/
2019-04-07,The Imitation Game,2014,https://letterboxd.com/film/the-imitation-game/
2019-04-07,"Monsters, Inc.",2001,https://letterboxd.com/film/monsters-inc/
2019-04-07,X-Men: Days of Future Past,2014,https://letterboxd.com/film/x-men-days-of-future-past/
2019-04-07,Avatar,2009,https://letterboxd.com/film/avatar/
2019-04-07,Prisoners,2013,https://letterboxd.com/film/prisoners/
2019-04-07,Thor,2011,https://letterboxd.com/film/thor/
2019-04-07,Nocturnal Animals,2016,https://letterboxd.com/film/nocturnal-animals/
2019-04-07,Good Will Hunting,1997,https://letterboxd.com/film/good-will-hunting/
2019-04-07,Harry Potter and the Deathly Hallows: Part 2,2011,https://letterboxd.com/film/harry-potter-and-the-deathly-hallows-part-2/
2019-04-07,Skyfall,2012,https://letterboxd.com/film/skyfall/
2019-04-07,Oldboy,2003,https://letterboxd.com/film/oldboy/
2019-04-07,Hot Fuzz,2007,https://letterboxd.com/film/hot-fuzz/
2019-04-07,Saving Private Ryan,1998,https://letterboxd.com/film/saving-private-ryan/
2019-04-07,Requiem for a Dream,2000,https://letterboxd.com/film/requiem-for-a-dream/
2019-04-07,Fantastic Mr. Fox,2009,https://letterboxd.com/film/fantastic-mr-fox/
2019-04-07,Trainspotting,1996,https://letterboxd.com/film/trainspotting/
2019-04-07,Iron Man 2,2010,https://letterboxd.com/film/iron-man-2/
2019-04-07,The Hunger Games,2012,https://letterboxd.com/film/the-hunger-games/
2019-04-07,E.T. the Extra-Terrestrial,1982,https://letterboxd.com/film/et-the-extra-terrestrial/
2019-04-07,Finding Dory,2016,https://letterboxd.com/film/finding-dory/
2019-04-07,Thor: The Dark World,2013,https://letterboxd.com/film/thor-the-dark-world/
2019-04-07,Little Miss Sunshine,2006,https://letterboxd.com/film/little-miss-sunshine/
2019-04-07,Edge of Tomorrow,2014,https://letterboxd.com/film/edge-of-tomorrow/
2019-04-07,Star Wars: Episode III - Revenge of the Sith,2005,https://letterboxd.com/film/star-wars-episode-iii-revenge-of-the-sith/
2019-04-07,Harry Potter and the Chamber of Secrets,2002,https://letterboxd.com/film/harry-potter-and-the-chamber-of-secrets/
2019-04-07,Star Wars: Episode I - The Phantom Menace,1999,https://letterboxd.com/film/star-wars-episode-i-the-phantom-menace/
2019-04-07,Harry Potter and the Goblet of Fire,2005,https://letterboxd.com/film/harry-potter-and-the-goblet-of-fire/
2019-04-07,The Cabin in the Woods,2011,https://letterboxd.com/film/the-cabin-in-the-woods/
2019-04-07,You Were Never Really Here,2017,https://letterboxd.com/film/you-were-never-really-here/
2019-04-07,Aquaman,2018,https://letterboxd.com/film/aquaman-2018/
2019-04-07,Harry Potter and the Deathly Hallows: Part 1,2010,https://letterboxd.com/film/harry-potter-and-the-deathly-hallows-part-1/
2019-04-07,The Hobbit: An Unexpected Journey,2012,https://letterboxd.com/film/the-hobbit-an-unexpected-journey/
2019-04-07,Toy Story 2,1999,https://letterboxd.com/film/toy-story-2/
2019-04-07,Man of Steel,2013,https://letterboxd.com/film/man-of-steel/
2019-04-07,Spider-Man 2,2004,https://letterboxd.com/film/spider-man-2/
2019-04-07,Ferris Bueller's Day Off,1986,https://letterboxd.com/film/ferris-buellers-day-off/
2019-04-07,Spider-Man,2002,https://letterboxd.com/film/spider-man/
2019-04-07,Harry Potter and the Order of the Phoenix,2007,https://letterboxd.com/film/harry-potter-and-the-order-of-the-phoenix/
2019-04-07,Snowpiercer,2013,https://letterboxd.com/film/snowpiercer/
2019-04-07,The Hunger Games: Catching Fire,2013,https://letterboxd.com/film/the-hunger-games-catching-fire/
2019-04-07,Pacific Rim,2013,https://letterboxd.com/film/pacific-rim/
2019-04-07,Harry Potter and the Half-Blood Prince,2009,https://letterboxd.com/film/harry-potter-and-the-half-blood-prince/
2019-04-07,The Great Gatsby,2013,https://letterboxd.com/film/the-great-gatsby-2013/
2019-04-07,Wreck-It Ralph,2012,https://letterboxd.com/film/wreck-it-ralph/
2019-04-07,Pirates of the Caribbean: The Curse of the Black Pearl,2003,https://letterboxd.com/film/pirates-of-the-caribbean-the-curse-of-the-black-pearl/
2019-04-07,Ghostbusters,1984,https://letterboxd.com/film/ghostbusters/
2019-04-07,A Ghost Story,2017,https://letterboxd.com/film/a-ghost-story-2017/
2019-04-07,Star Wars: Episode II - Attack of the Clones,2002,https://letterboxd.com/film/star-wars-episode-ii-attack-of-the-clones/
2019-04-07,Hidden Figures,2016,https://letterboxd.com/film/hidden-figures/
2019-04-07,Looper,2012,https://letterboxd.com/film/looper/
2019-04-07,American Hustle,2013,https://letterboxd.com/film/american-hustle/
2019-04-07,Hell or High Water,2016,https://letterboxd.com/film/hell-or-high-water/
2019-04-07,Beauty and the Beast,2017,https://letterboxd.com/film/beauty-and-the-beast-2017/
2019-04-07,Shrek,2001,https://letterboxd.com/film/shrek/
2019-04-07,Dead Poets Society,1989,https://letterboxd.com/film/dead-poets-society/
2019-04-07,Hacksaw Ridge,2016,https://letterboxd.com/film/hacksaw-ridge/
2019-04-07,Princess Mononoke,1997,https://letterboxd.com/film/princess-mononoke/
2019-04-07,X-Men: Apocalypse,2016,https://letterboxd.com/film/x-men-apocalypse/
2019-04-07,Zombieland,2009,https://letterboxd.com/film/zombieland/
2019-04-07,X-Men: First Class,2011,https://letterboxd.com/film/x-men-first-class/
2019-04-07,21 Jump Street,2012,https://letterboxd.com/film/21-jump-street/
2019-04-07,Dallas Buyers Club,2013,https://letterboxd.com/film/dallas-buyers-club/
2019-04-07,Swiss Army Man,2016,https://letterboxd.com/film/swiss-army-man/
2019-04-07,Prometheus,2012,https://letterboxd.com/film/prometheus/
2019-04-07,Watchmen,2009,https://letterboxd.com/film/watchmen/
2019-04-07,The Hobbit: The Desolation of Smaug,2013,https://letterboxd.com/film/the-hobbit-the-desolation-of-smaug/
2019-04-07,Argo,2012,https://letterboxd.com/film/argo/
2019-04-07,The Conjuring,2013,https://letterboxd.com/film/the-conjuring/
2019-04-07,The Amazing Spider-Man,2012,https://letterboxd.com/film/the-amazing-spider-man/
2019-04-07,Moon,2009,https://letterboxd.com/film/moon/
2019-04-07,Mean Girls,2004,https://letterboxd.com/film/mean-girls/
2019-04-07,How to Train Your Dragon,2010,https://letterboxd.com/film/how-to-train-your-dragon/
2019-04-07,Atomic Blonde,2017,https://letterboxd.com/film/atomic-blonde/
2019-04-07,Alien: Covenant,2017,https://letterboxd.com/film/alien-covenant/
2019-04-07,Inherent Vice,2014,https://letterboxd.com/film/inherent-vice/
2019-04-07,Blue Velvet,1986,https://letterboxd.com/film/blue-velvet/
2019-04-07,The World's End,2013,https://letterboxd.com/film/the-worlds-end/
2019-04-07,Kingsman: The Golden Circle,2017,https://letterboxd.com/film/kingsman-the-golden-circle/
2019-04-07,Dawn of the Planet of the Apes,2014,https://letterboxd.com/film/dawn-of-the-planet-of-the-apes/
2019-04-07,Indiana Jones and the Last Crusade,1989,https://letterboxd.com/film/indiana-jones-and-the-last-crusade/
2019-04-07,War for the Planet of the Apes,2017,https://letterboxd.com/film/war-for-the-planet-of-the-apes/
2019-04-07,Superbad,2007,https://letterboxd.com/film/superbad/
2019-04-07,The Princess Bride,1987,https://letterboxd.com/film/the-princess-bride/
2019-04-07,The Curious Case of Benjamin Button,2008,https://letterboxd.com/film/the-curious-case-of-benjamin-button/
2019-04-07,Casino Royale,2006,https://letterboxd.com/film/casino-royale-2006/
2019-04-07,Monty Python and the Holy Grail,1975,https://letterboxd.com/film/monty-python-and-the-holy-grail/
2019-04-07,Spectre,2015,https://letterboxd.com/film/spectre-2015/
2019-04-07,Mission: Impossible - Rogue Nation,2015,https://letterboxd.com/film/mission-impossible-rogue-nation/
2019-04-07,District 9,2009,https://letterboxd.com/film/district-9/
2019-04-07,The Hobbit: The Battle of the Five Armies,2014,https://letterboxd.com/film/the-hobbit-the-battle-of-the-five-armies/
2019-04-07,The King's Speech,2010,https://letterboxd.com/film/the-kings-speech/
2019-04-07,Mandy,2018,https://letterboxd.com/film/mandy-2018/
2019-04-07,Heat,1995,https://letterboxd.com/film/heat-1995/
2019-04-07,The Hangover,2009,https://letterboxd.com/film/the-hangover/
2019-04-07,22 Jump Street,2014,https://letterboxd.com/film/22-jump-street/
2019-04-07,The Hunger Games: Mockingjay - Part 1,2014,https://letterboxd.com/film/the-hunger-games-mockingjay-part-1/
2019-04-07,Wind River,2017,https://letterboxd.com/film/wind-river-2017/
2019-04-07,Bad Times at the El Royale,2018,https://letterboxd.com/film/bad-times-at-the-el-royale/
2019-04-07,Star Trek Into Darkness,2013,https://letterboxd.com/film/star-trek-into-darkness/
2019-04-07,Murder on the Orient Express,2017,https://letterboxd.com/film/murder-on-the-orient-express-2017/
2019-04-07,Mulan,1998,https://letterboxd.com/film/mulan/
2019-04-07,Fantastic Beasts: The Crimes of Grindelwald,2018,https://letterboxd.com/film/fantastic-beasts-the-crimes-of-grindelwald/
2019-04-07,Monsters University,2013,https://letterboxd.com/film/monsters-university/
2019-04-07,Indiana Jones and the Temple of Doom,1984,https://letterboxd.com/film/indiana-jones-and-the-temple-of-doom/
2019-04-07,Spring Breakers,2012,https://letterboxd.com/film/spring-breakers/
2019-04-07,Vice,2018,https://letterboxd.com/film/vice-2018/
2019-04-07,Rise of the Planet of the Apes,2011,https://letterboxd.com/film/rise-of-the-planet-of-the-apes/
2019-04-07,The Iron Giant,1999,https://letterboxd.com/film/the-iron-giant/
2019-04-07,School of Rock,2003,https://letterboxd.com/film/school-of-rock/
2019-04-07,Steve Jobs,2015,https://letterboxd.com/film/steve-jobs/
2019-04-07,Akira,1988,https://letterboxd.com/film/akira/
2019-04-07,Hugo,2011,https://letterboxd.com/film/hugo/
2019-04-07,Star Trek,2009,https://letterboxd.com/film/star-trek/
2019-04-07,Spider-Man 3,2007,https://letterboxd.com/film/spider-man-3/
2019-04-07,Captain Fantastic,2016,https://letterboxd.com/film/captain-fantastic/
2019-04-07,True Grit,2010,https://letterboxd.com/film/true-grit-2010/
2019-04-07,Star Trek Beyond,2016,https://letterboxd.com/film/star-trek-beyond/
2019-04-07,Almost Famous,2000,https://letterboxd.com/film/almost-famous/
2019-04-07,Shrek 2,2004,https://letterboxd.com/film/shrek-2/
2019-04-07,Men in Black,1997,https://letterboxd.com/film/men-in-black/
2019-04-07,Sin City,2005,https://letterboxd.com/film/sin-city/
2019-04-07,The Place Beyond the Pines,2012,https://letterboxd.com/film/the-place-beyond-the-pines/
2019-04-07,American Sniper,2014,https://letterboxd.com/film/american-sniper/
2019-04-07,"O Brother, Where Art Thou?",2000,https://letterboxd.com/film/o-brother-where-art-thou/
2019-04-07,Mission: Impossible - Ghost Protocol,2011,https://letterboxd.com/film/mission-impossible-ghost-protocol/
2019-04-07,The Wizard of Oz,1939,https://letterboxd.com/film/the-wizard-of-oz-1939/
2019-04-07,Sherlock Holmes,2009,https://letterboxd.com/film/sherlock-holmes-2009/
2019-04-07,The Devil Wears Prada,2006,https://letterboxd.com/film/the-devil-wears-prada/
2019-04-07,Pirates of the Caribbean: Dead Man's Chest,2006,https://letterboxd.com/film/pirates-of-the-caribbean-dead-mans-chest/
2019-04-07,Love Actually,2003,https://letterboxd.com/film/love-actually/
2019-04-07,Ted,2012,https://letterboxd.com/film/ted/
2019-04-07,The Wolverine,2013,https://letterboxd.com/film/the-wolverine/
2019-04-07,Zero Dark Thirty,2012,https://letterboxd.com/film/zero-dark-thirty/
2019-04-07,Super 8,2011,https://letterboxd.com/film/super-8/
2019-04-07,Shame,2011,https://letterboxd.com/film/shame-2011/
2019-04-07,About Time,2013,https://letterboxd.com/film/about-time/
2019-04-07,The Man from U.N.C.L.E.,2015,https://letterboxd.com/film/the-man-from-uncle/
2019-04-07,300,2006,https://letterboxd.com/film/300/
2019-04-07,Cars,2006,https://letterboxd.com/film/cars/
2019-04-07,Anchorman: The Legend of Ron Burgundy,2004,https://letterboxd.com/film/anchorman-the-legend-of-ron-burgundy/
2019-04-07,A Bug's Life,1998,https://letterboxd.com/film/a-bugs-life/
2019-04-07,Cast Away,2000,https://letterboxd.com/film/cast-away/
2019-04-07,Only God Forgives,2013,https://letterboxd.com/film/only-god-forgives/
2019-04-07,Fury,2014,https://letterboxd.com/film/fury-2014/
2019-04-07,The Death of Stalin,2017,https://letterboxd.com/film/the-death-of-stalin/
2019-04-07,Cloud Atlas,2012,https://letterboxd.com/film/cloud-atlas/
2019-04-07,Straight Outta Compton,2015,https://letterboxd.com/film/straight-outta-compton/
2019-04-07,Tropic Thunder,2008,https://letterboxd.com/film/tropic-thunder/
2019-04-07,When Harry Met Sally...,1989,https://letterboxd.com/film/when-harry-met-sally/
2019-04-07,Grease,1978,https://letterboxd.com/film/grease/
2019-04-07,The Bourne Identity,2002,https://letterboxd.com/film/the-bourne-identity-2002/
2019-04-07,The Hurt Locker,2008,https://letterboxd.com/film/the-hurt-locker/
2019-04-07,Pirates of the Caribbean: At World's End,2007,https://letterboxd.com/film/pirates-of-the-caribbean-at-worlds-end/
2019-04-07,Kung Fu Panda,2008,https://letterboxd.com/film/kung-fu-panda/
2019-04-07,Seven Psychopaths,2012,https://letterboxd.com/film/seven-psychopaths/
2019-04-07,Ghost in the Shell,2017,https://letterboxd.com/film/ghost-in-the-shell-2017/
2019-04-07,The Little Mermaid,1989,https://letterboxd.com/film/the-little-mermaid/
2019-04-07,Independence Day,1996,https://letterboxd.com/film/independence-day/
2019-04-07,Frank,2014,https://letterboxd.com/film/frank-2014/
2019-04-07,Indiana Jones and the Kingdom of the Crystal Skull,2008,https://letterboxd.com/film/indiana-jones-and-the-kingdom-of-the-crystal-skull/
2019-04-07,The Emperor's New Groove,2000,https://letterboxd.com/film/the-emperors-new-groove/
2019-04-07,Lilo & Stitch,2002,https://letterboxd.com/film/lilo-stitch/
2019-04-07,Pirates of the Caribbean: Dead Men Tell No Tales,2017,https://letterboxd.com/film/pirates-of-the-caribbean-dead-men-tell-no-tales/
2019-04-07,Million Dollar Baby,2004,https://letterboxd.com/film/million-dollar-baby/
2019-04-07,Transformers,2007,https://letterboxd.com/film/transformers/
2019-04-07,King Kong,2005,https://letterboxd.com/film/king-kong-2005/
2019-04-07,Who Framed Roger Rabbit,1988,https://letterboxd.com/film/who-framed-roger-rabbit/
2019-04-07,Dredd,2012,https://letterboxd.com/film/dredd/
2019-04-07,Stoker,2013,https://letterboxd.com/film/stoker/
2019-04-07,Ice Age,2002,https://letterboxd.com/film/ice-age/
2019-04-07,The Simpsons Movie,2007,https://letterboxd.com/film/the-simpsons-movie/
2019-04-07,Blue Jasmine,2013,https://letterboxd.com/film/blue-jasmine/
2019-04-07,"The Chronicles of Narnia: The Lion, the Witch and the Wardrobe",2005,https://letterboxd.com/film/the-chronicles-of-narnia-the-lion-the-witch-and-the-wardrobe/
2019-04-07,Source Code,2011,https://letterboxd.com/film/source-code/
2019-04-07,Willy Wonka & the Chocolate Factory,1971,https://letterboxd.com/film/willy-wonka-the-chocolate-factory/
2019-04-07,Ghost in the Shell,1995,https://letterboxd.com/film/ghost-in-the-shell/
2019-04-07,Sherlock Holmes: A Game of Shadows,2011,https://letterboxd.com/film/sherlock-holmes-a-game-of-shadows/
2019-04-07,The Bourne Ultimatum,2007,https://letterboxd.com/film/the-bourne-ultimatum/
2019-04-07,Furious 7,2015,https://letterboxd.com/film/furious-7/
2019-04-07,Night at the Museum,2006,https://letterboxd.com/film/night-at-the-museum/
2019-04-07,T2 Trainspotting,2017,https://letterboxd.com/film/t2-trainspotting/
2019-04-07,Twin Peaks: Fire Walk with Me,1992,https://letterboxd.com/film/twin-peaks-fire-walk-with-me/
2019-04-07,Zoolander,2001,https://letterboxd.com/film/zoolander/
2019-04-07,Napoleon Dynamite,2004,https://letterboxd.com/film/napoleon-dynamite/
2019-04-07,Oblivion,2013,https://letterboxd.com/film/oblivion-2013/
2019-04-07,Kiss Kiss Bang Bang,2005,https://letterboxd.com/film/kiss-kiss-bang-bang-2005/
2019-04-07,Rush,2013,https://letterboxd.com/film/rush-2013/
2019-04-07,The Wind Rises,2013,https://letterboxd.com/film/the-wind-rises/
2019-04-07,Madagascar,2005,https://letterboxd.com/film/madagascar/
2019-04-07,Clerks,1994,https://letterboxd.com/film/clerks/
2019-04-07,Top Gun,1986,https://letterboxd.com/film/top-gun/
2019-04-07,Chronicle,2012,https://letterboxd.com/film/chronicle/
2019-04-07,Bruce Almighty,2003,https://letterboxd.com/film/bruce-almighty/
2019-04-07,Rango,2011,https://letterboxd.com/film/rango/
2019-04-07,Pocahontas,1995,https://letterboxd.com/film/pocahontas/
2019-04-07,TRON: Legacy,2010,https://letterboxd.com/film/tron-legacy/
2019-04-07,The Fate of the Furious,2017,https://letterboxd.com/film/the-fate-of-the-furious/
2019-04-07,Limitless,2011,https://letterboxd.com/film/limitless/
2019-04-07,Quantum of Solace,2008,https://letterboxd.com/film/quantum-of-solace/
2019-04-07,Pinocchio,1940,https://letterboxd.com/film/pinocchio/
2019-04-07,The Matrix Revolutions,2003,https://letterboxd.com/film/the-matrix-revolutions/
2019-04-07,Men in Black 3,2012,https://letterboxd.com/film/men-in-black-3/
2019-04-07,Horrible Bosses,2011,https://letterboxd.com/film/horrible-bosses/
2019-04-07,The Bourne Supremacy,2004,https://letterboxd.com/film/the-bourne-supremacy/
2019-04-07,The Bling Ring,2013,https://letterboxd.com/film/the-bling-ring/
2019-04-07,"I, Robot",2004,https://letterboxd.com/film/i-robot/
2019-04-07,Tag,2018,https://letterboxd.com/film/tag-2018/
2019-04-07,Office Space,1999,https://letterboxd.com/film/office-space/
2019-04-07,Space Jam,1996,https://letterboxd.com/film/space-jam/
2019-04-07,The Pursuit of Happyness,2006,https://letterboxd.com/film/the-pursuit-of-happyness/
2019-04-07,Fantastic Four,2005,https://letterboxd.com/film/fantastic-four-2005/
2019-04-07,Mrs. Doubtfire,1993,https://letterboxd.com/film/mrs-doubtfire/
2019-04-07,Bambi,1942,https://letterboxd.com/film/bambi/
2019-04-07,Where the Wild Things Are,2009,https://letterboxd.com/film/where-the-wild-things-are/
2019-04-07,Step Brothers,2008,https://letterboxd.com/film/step-brothers/
2019-04-07,Sicario: Day of the Soldado,2018,https://letterboxd.com/film/sicario-day-of-the-soldado/
2019-04-07,Face/Off,1997,https://letterboxd.com/film/face-off/
2019-04-07,Pacific Rim: Uprising,2018,https://letterboxd.com/film/pacific-rim-uprising/
2019-04-07,Jason Bourne,2016,https://letterboxd.com/film/jason-bourne/
2019-04-07,The Day After Tomorrow,2004,https://letterboxd.com/film/the-day-after-tomorrow/
2019-04-07,The Fast and the Furious,2001,https://letterboxd.com/film/the-fast-and-the-furious-2001/
2019-04-07,Chicken Run,2000,https://letterboxd.com/film/chicken-run/
2019-04-07,Hancock,2008,https://letterboxd.com/film/hancock/
2019-04-07,Sunshine,2007,https://letterboxd.com/film/sunshine-2007/
2019-04-07,Dumbo,1941,https://letterboxd.com/film/dumbo/
2019-04-07,A Single Man,2009,https://letterboxd.com/film/a-single-man/
2019-04-07,National Treasure,2004,https://letterboxd.com/film/national-treasure/
2019-04-07,Anchorman 2: The Legend Continues,2013,https://letterboxd.com/film/anchorman-2-the-legend-continues/
2019-04-07,Fast & Furious 6,2013,https://letterboxd.com/film/fast-furious-6/
2019-04-07,Labyrinth,1986,https://letterboxd.com/film/labyrinth/
2019-04-07,The Da Vinci Code,2006,https://letterboxd.com/film/the-da-vinci-code/
2019-04-07,The Princess Diaries,2001,https://letterboxd.com/film/the-princess-diaries/
2019-04-07,Men in Black II,2002,https://letterboxd.com/film/men-in-black-ii/
2019-04-07,Click,2006,https://letterboxd.com/film/click/
2019-04-07,Side Effects,2013,https://letterboxd.com/film/side-effects-2013/
2019-04-07,Fast Five,2011,https://letterboxd.com/film/fast-five/
2019-04-07,Mudbound,2017,https://letterboxd.com/film/mudbound/
2019-04-07,Twin Peaks: The Return,2017,https://letterboxd.com/film/twin-peaks-the-return/
2019-04-07,Twin Peaks,1989,https://letterboxd.com/film/twin-peaks/
2019-04-07,Horace and Pete,2016,https://letterboxd.com/film/horace-and-pete/
2019-04-30,Shazam!,2019,https://letterboxd.com/film/shazam/
2019-04-30,Guava Island,2019,https://letterboxd.com/film/guava-island/
2019-04-30,Robots,2005,https://letterboxd.com/film/robots/
2019-04-30,Treasure Planet,2002,https://letterboxd.com/film/treasure-planet/
2019-06-08,Zodiac,2007,https://letterboxd.com/film/zodiac/
2019-08-02,Hereditary,2018,https://letterboxd.com/film/hereditary/
2019-08-02,John Wick: Chapter 2,2017,https://letterboxd.com/film/john-wick-chapter-2/
2019-08-12,Fast & Furious Presents: Hobbs & Shaw,2019,https://letterboxd.com/film/fast-furious-presents-hobbs-shaw/
2019-09-21,John Wick: Chapter 3 - Parabellum,2019,https://letterboxd.com/film/john-wick-chapter-3-parabellum/
2019-09-21,Dave Chappelle: Sticks & Stones,2019,https://letterboxd.com/film/dave-chappelle-sticks-stones/
2019-09-21,Godzilla: King of the Monsters,2019,https://letterboxd.com/film/godzilla-king-of-the-monsters-2019/
2019-10-21,Once Upon a Time… in Hollywood,2019,https://letterboxd.com/film/once-upon-a-time-in-hollywood/
2019-10-29,Icarus,2017,https://letterboxd.com/film/icarus-2017/
2019-12-02,The Irishman,2019,https://letterboxd.com/film/the-irishman-2019/
2019-12-02,Ford v Ferrari,2019,https://letterboxd.com/film/ford-v-ferrari/
2019-12-16,Juno,2007,https://letterboxd.com/film/juno/
